{
  "code": "00",
  "message": "",
  "data": {
    "result": "나투연구소에서 펭피 님의 광대, 앞턱, 사각턱, 앞볼을 분석했습니다.",
    "default": "펭피 님은 눈 끝에서 옆광대까지 간격이 적당하고 ,  앞턱 모양은 갸름한 편 입니다. 사각 턱은  넓고 앞볼은 평평한 편 입니다.",
    "hide_detail": "윤곽에서 광대의 폭이 10 이면 사각턱은 7~8 정도가 이상적입니다. 사각 턱이 갸름하면 부드러워 보이고 반대로 발달 되었다면 강한 인상을 주기도 해요. 앞턱 길이의 비율은 인중이 1 이면 앞턱이 2 정도가 적당합니다. 앞볼의 볼륨감은 얼굴의 입체감을 더해 귀엽고 생기 있는 인상과 호감을 줍니다.",
    "lab_origin": {
      "data": {
        "details": {
          "frontCheek": {
            "frontCheekValue": 1,
            "angularRatioOfZygomaAndLowerJawZygomaLocation": {
              "palace": {
                "118p_y_2": 661.35126,
                "118p_x_2": 178.19833,
                "118p_x_30": 523.66595,
                "118p_y_30": 661.6131
              },
              "mandible": {
                "118p_x_24": 497.63577,
                "118p_y_8": 795.54333,
                "118p_x_8": 205.054,
                "118p_y_24": 799.61847
              }
            }
          },
          "noseLength": {
            "lengthOfNose": 169.9,
            "lengthOfNoseCm": 6.8
          },
          "squareJaw": {
            "angularRatioOfZygomaAndLowerJawZygomaLocation": {
              "palace": {
                "118p_y_2": 661.35126,
                "118p_x_2": 178.19833,
                "118p_x_30": 523.66595,
                "118p_y_30": 661.6131
              },
              "mandible": {
                "118p_x_24": 497.63577,
                "118p_y_8": 795.54333,
                "118p_x_8": 205.054,
                "118p_y_24": 799.61847
              }
            },
            "mandibularAngleStatus": 2,
            "widthOfMandibularAngle": {
              "px": 301.1,
              "cm": 12,
              "location": {
                "171p_y_103": 788.55273,
                "171p_x_93": 200.73953,
                "171p_y_93": 784.90234,
                "171p_x_103": 501.8857
              }
            }
          },
          "frontChin": {
            "philtrumRatio": {
              "location": {
                "118p_x_16": 347.87134,
                "118p_y_16": 897.436,
                "118p_x_90": 359.78937,
                "118p_y_80": 753.19574,
                "118p_y_90": 783.9594,
                "118p_x_80": 342.77368,
                "118p_y_95": 829.98016,
                "118p_x_95": 345.45856,
                "118p_y_88": 784.8025,
                "118p_x_89": 344.02713,
                "118p_x_88": 328.55325,
                "118p_y_89": 787.9566
              },
              "ratio": "1.0:0.9"
            },
            "jawLength": {
              "px": 67.5,
              "cm": 2.7,
              "location": {
                "118p_x_16": 347.87134,
                "118p_y_16": 897.436,
                "118p_y_95": 829.98016,
                "118p_x_95": 345.45856
              }
            },
            "angularRatioOfZygomaAndLowerJawZygomaLocation": {
              "palace": {
                "118p_y_2": 661.35126,
                "118p_x_2": 178.19833,
                "118p_x_30": 523.66595,
                "118p_y_30": 661.6131
              },
              "mandible": {
                "118p_x_24": 497.63577,
                "118p_y_8": 795.54333,
                "118p_x_8": 205.054,
                "118p_y_24": 799.61847
              }
            },
            "jawLengthCondition": 0,
            "jawShapeValue": "fa01"
          },
          "cheekBone": {
            "centralFaceBlank": 1,
            "cheekShape": "ea02",
            "angularRatioOfZygomaAndLowerJawZygomaLocation": {
              "palace": {
                "118p_y_2": 661.35126,
                "118p_x_2": 178.19833,
                "118p_x_30": 523.66595,
                "118p_y_30": 661.6131
              },
              "mandible": {
                "118p_x_24": 497.63577,
                "118p_y_8": 795.54333,
                "118p_x_8": 205.054,
                "118p_y_24": 799.61847
              }
            },
            "blankSpace": {
              "location": {
                "left": {
                  "118p_x_30": 523.66595,
                  "118p_y_30": 661.6131,
                  "118p_x_65": 458.65646,
                  "118p_y_65": 623.8737
                },
                "right": {
                  "118p_y_2": 661.35126,
                  "118p_x_2": 178.19833,
                  "118p_y_51": 627.9721,
                  "118p_x_51": 234.80846
                }
              },
              "value": {
                "left": {
                  "px": 65,
                  "cm": 2.6
                },
                "right": {
                  "px": 56.6,
                  "cm": 2.3
                }
              }
            }
          }
        },
        "partAllScore": {
          "centralFaceBlank": 1,
          "angularRatioOfZygomaAndLowerJawZygoma": {
            "palace": {
              "px": 345.5,
              "cm": 13.8
            },
            "mandible": {
              "px": 292.6,
              "cm": 11.7
            },
            "location": {
              "palace": {
                "118p_y_2": 661.35126,
                "118p_x_2": 178.19833,
                "118p_x_30": 523.66595,
                "118p_y_30": 661.6131
              },
              "mandible": {
                "118p_x_24": 497.63577,
                "118p_y_8": 795.54333,
                "118p_x_8": 205.054,
                "118p_y_24": 799.61847
              }
            },
            "ratio": "1.2:1.0"
          },
          "frontCheekValue": 1,
          "jawShapeValue": "fa01"
        }
      },
      "messagse": "성공",
      "result_code": 200
    },
    "extras": [
      {
        "code_name": "광대뼈",
        "code_value": "cheekbone",
        "order": 6,
        "data": "펭피 님의 광대뼈 모양은 사각 턱 너비와 비교해 보았을 때 평평해 보입니다. 광대에서 사각 턱으로 이어지는 윤곽선이 부드러워 보여요. 눈꼬리 끝에서 옆광대까지 여백은 적정한 편입니다."
      },
      {
        "code_name": "앞턱",
        "code_value": "frontChin",
        "order": 6,
        "data": "펭피 님 앞턱은 갸름한 편 이며, 길이는 긴 편입니다. 코 길이가 긴 편이거나, 코끝에서 턱 끝까지 비율이 길다면, 전체적으로 길어 보일 수 있어요. 비율에서 벗어난 긴 앞턱이라면 윗머리에 볼륨을 주는 헤어스타일로 시선을 분산시키고, 앞턱 길이를 줄이고 싶다면 앞턱성형을 고려해 볼 수 있습니다."
      },
      {
        "code_name": "사각턱",
        "code_value": "squareJaw",
        "order": 6,
        "data": "펭피 님 사각 턱은 넓은 편입니다. 사각 턱의 근육 또는 뼈가 발달했거나 광대폭과 비슷한 사각 턱입니다. 사각 턱 폭 자체가 넓다면 얼굴이 여백이 넓어 보일 수 있어요. 앞턱까지 부드럽게 이어지지 않거나 사각 턱을 줄이고 싶다면 보톡스나 사각턱수술을 고려해 볼 수 있습니다."
      },
      {
        "code_name": "앞볼",
        "code_value": "frontCheek",
        "order": 6,
        "data": "펭피 님 볼의 볼륨감이 부족해 보여요. 앞볼 지방이 부족하거나 볼살이 처지면서 앞볼이 꺼져 보이기도 하는데요. 광대 부위 지방이 많다면 앞볼 볼륨이 상대적으로 부족해 보일 수 있어요. 필러, 지방이식, 리프팅으로 얼굴에 입체감을 주어 생기있고 탄력있는 얼굴이 될 수 있습니다."
      }
    ]
  }
}