{
  "code": "00",
  "message": "",
  "data": {
    "result": "나투연구소에서 펭피 님의 쌍꺼풀, 안검하수 상태, 눈과 눈썹 간격을 분석했습니다.",
    "default": "펭피 님의 눈동자 노출범위로 측정되는 안검하수가 거의 없는 편이네요. 눈과 눈썹 사이 간격은 적당해 보입니다.",
    "hide_detail": "쌍꺼풀은 눈꺼풀 피부의 주름 라인이고, 자신의 분위기와 맞는 쌍꺼풀 라인이 가장 예쁜 쌍꺼풀 입니다. 쌍꺼풀의 유형은 인라인, 아웃라인, 그 중간인 인아웃라인이 있고 쌍꺼풀 라인은 눈과 눈썹의 거리, 눈 주위 구조에 따라 느낌이 달라질 수 있습니다. 안검하수는 눈꺼풀을 올리는 힘이 약해 눈동자 노출 범위가 70%이하인 상태로, 기능 및 외적인 개선을 원하다면 눈매교정술을 고려해 보세요.",
    "lab_origin": {
      "data": {
        "dosic": {},
        "details": {
          "ptosis": {
            "eyetoEyeBrowDistanceLocation": {
              "left": {
                "118p_y_48": 580.8768,
                "118p_x_48": 433.83414,
                "118p_x_63": 422.73138,
                "118p_y_64": 614.871,
                "118p_y_63": 614.3027,
                "118p_x_64": 442.35666
              },
              "right": {
                "118p_y_40": 580.7721,
                "118p_x_52": 250.11185,
                "118p_y_53": 615.38586,
                "118p_y_52": 617.02277,
                "118p_x_40": 257.90506,
                "118p_x_53": 269.93066
              }
            },
            "ptosisRatio": {
              "location": {
                "left": {
                  "118p_x_69": 424.02768,
                  "118p_y_69": 625.524,
                  "118p_x_63": 422.73138,
                  "118p_y_63": 614.3027,
                  "118p_x_67": 429.61774,
                  "118p_y_67": 638.1011
                },
                "right": {
                  "118p_y_59": 628.49695,
                  "118p_x_57": 263.89355,
                  "118p_x_59": 270.23254,
                  "118p_y_53": 615.38586,
                  "118p_x_53": 269.93066,
                  "118p_y_57": 641.5287
                }
              },
              "value": {
                "left": "1.0 : 1.0",
                "right": "1.0 : 1.0"
              },
              "ptosisStatus": 3
            }
          },
          "heightOfAnEye": {
            "heightOfAnEyeRight": {
              "px": 26.1,
              "cm": 1
            },
            "heightOfAnEyeLeft": {
              "px": 23.8,
              "cm": 0.9
            }
          },
          "eyetoEyeBrow": {
            "eyetoEyeBrowDistanceLocation": {
              "left": {
                "118p_y_48": 580.8768,
                "118p_x_48": 433.83414,
                "118p_x_63": 422.73138,
                "118p_y_64": 614.871,
                "118p_y_63": 614.3027,
                "118p_x_64": 442.35666
              },
              "right": {
                "118p_y_40": 580.7721,
                "118p_x_52": 250.11185,
                "118p_y_53": 615.38586,
                "118p_y_52": 617.02277,
                "118p_x_40": 257.90506,
                "118p_x_53": 269.93066
              }
            },
            "eyeLevelAndEyebrowHeightRatio": {
              "location": {
                "left": {
                  "118p_y_42": 573.6741,
                  "118p_x_63": 422.73138,
                  "118p_y_63": 614.3027,
                  "118p_x_42": 372.25873,
                  "118p_x_67": 429.61774,
                  "118p_y_67": 638.1011
                },
                "right": {
                  "118p_y_37": 571.8369,
                  "118p_x_57": 263.89355,
                  "118p_x_37": 313.16968,
                  "118p_y_53": 615.38586,
                  "118p_x_53": 269.93066,
                  "118p_y_57": 641.5287
                }
              },
              "value": {
                "left": "1.0 : 1.6",
                "right": "1.0 : 1.7"
              }
            },
            "ptosisRatioLocation": {
              "left": {
                "118p_x_69": 424.02768,
                "118p_y_69": 625.524,
                "118p_x_63": 422.73138,
                "118p_y_63": 614.3027,
                "118p_x_67": 429.61774,
                "118p_y_67": 638.1011
              },
              "right": {
                "118p_y_59": 628.49695,
                "118p_x_57": 263.89355,
                "118p_x_59": 270.23254,
                "118p_y_53": 615.38586,
                "118p_x_53": 269.93066,
                "118p_y_57": 641.5287
              }
            }
          },
          "doubleEyelid": {
            "eyetoEyeBrowDistanceLocation": {
              "left": {
                "118p_y_48": 580.8768,
                "118p_x_48": 433.83414,
                "118p_x_63": 422.73138,
                "118p_y_64": 614.871,
                "118p_y_63": 614.3027,
                "118p_x_64": 442.35666
              },
              "right": {
                "118p_y_40": 580.7721,
                "118p_x_52": 250.11185,
                "118p_y_53": 615.38586,
                "118p_y_52": 617.02277,
                "118p_x_40": 257.90506,
                "118p_x_53": 269.93066
              }
            },
            "ptosisRatioLocation": {
              "left": {
                "118p_x_69": 424.02768,
                "118p_y_69": 625.524,
                "118p_x_63": 422.73138,
                "118p_y_63": 614.3027,
                "118p_x_67": 429.61774,
                "118p_y_67": 638.1011
              },
              "right": {
                "118p_y_59": 628.49695,
                "118p_x_57": 263.89355,
                "118p_x_59": 270.23254,
                "118p_y_53": 615.38586,
                "118p_x_53": 269.93066,
                "118p_y_57": 641.5287
              }
            }
          },
          "lengthOfTheDistanceBetweenEyesAndEyebrow": {
            "lengthOfTheDistanceBetweenEyesAndEyebrowLeftCm": 1.4,
            "lengthOfTheDistanceBetweenEyesAndEyebrowLeft": 34.7,
            "lengthOfTheDistanceBetweenEyesAndEyebrowRight": 35.4,
            "lengthOfTheDistanceBetweenEyesAndEyebrowRightCm": 1.4
          }
        },
        "partAllScore": {
          "leftEyelid": 2,
          "rightEyelid": 2,
          "eyetoEyeBrowDistance": {
            "left": {
              "length": {
                "px": 33.4,
                "cm": 1.3
              },
              "status": 2
            },
            "right": {
              "length": {
                "px": 34.6,
                "cm": 1.4
              },
              "status": 2
            }
          },
          "ptosisRatio": {
            "left": "1.0 : 1.0",
            "right": "1.0 : 1.0"
          },
          "ptosisStatus": 3,
          "rightEyelidType": "오른쪽 눈 속쌍커풀",
          "leftEyelidType": "왼쪽 눈 속쌍커풀"
        }
      },
      "messagse": "성공",
      "result_code": 200
    },
    "extras": [
      {
        "code_name": "쌍커풀",
        "code_value": "doubleEyelid",
        "order": 6,
        "data": "펭피 님은 양쪽 눈 모두 속 쌍꺼풀이 있는 것으로 보입니다. 속 쌍꺼풀은 자연스럽고 눈에 띄지 않는 듯한 라인이 특징입니다. 쌍꺼풀 라인이 드러나지 않아 부담스럽지 않은 느낌이고 홑꺼풀의 매력을 살리면서 또렷한 느낌을 주기 때문에 여성 뿐만 아니라 남성분들이 눈 수술 시 많이 선호하는 항목이기도 합니다. 안검하수가 없는 또렷한 속쌍꺼풀은 자연스러운 매력이 부각될 수 있습니다."
      },
      {
        "code_name": "안검하수",
        "code_value": "ptosis",
        "order": 6,
        "data": "펭피 님은 안검하수가 아닌 정상으로 보입니다. 이마 근육을 쓰지 않고 눈꺼풀의 힘만으로도 충분히 눈을 뜰 수 있고, 눈동자 노출 범위가 70% 이상이면 정상 범위로 봅니다. 쌍꺼풀 유무를 떠나 사람들에게 생기있는 또렷한 인상을 줄 수 있어요."
      },
      {
        "code_name": "눈과 눈썹 간격",
        "code_value": "eyeAndEyeBrow",
        "order": 6,
        "data": "펭피 님의 눈과 눈썹 사이 거리는 적당해 보입니다. 눈썹의 위치에 따라 표정 분위기가 달라질 수 있어 간격은 매우 중요한 요소인데요. 나투연구소 인공지능 학습결과에 따르면 가장 이상적인 눈과 눈썹 사이 거리는 눈의 세로 폭과 같습니다. 메이크업이나 눈 수술 시 지금의 간격을 잘 유지하는 것이 좋아 보입니다. "
      }
    ]
  }
}