{
  "code": "00",
  "message": "",
  "data": {
    "result": "나투연구소에서 펭피 님의 눈썹 모양, 눈썹 길이, 눈썹 간격을 분석했습니다.",
    "default": "펭피님의 눈썹 모양은 아치형 눈썹의 형태 이며, 눈썹 사이 간격은 좁아 보입니다. 양쪽 눈썹의 길이는 (왼쪽) 긴 눈썹 길이 , (오른쪽) 긴 눈썹 길이 입니다.",
    "hide_detail": "눈썹은 감정을 표현해 주고 얼굴 전체 이미지에 중요한 역할을 합니다. 눈썹 모양은 눈매와 눈 크기와 조화롭다면 얼굴형이나 이목구비의 단점을 보완해 줄 수 있어요. 그리고 눈썹 숱이 많고 적음과 눈썹의 색상과 채도에 따라 분위기가 달라집니다.",
    "lab_origin": {
      "data": {
        "details": {
          "eyebrowAngleAndConcentration": {
            "eyebrowHeighLocation": {
              "left": {
                "118p_y_48": 580.8768,
                "118p_x_49": 404.8937,
                "118p_x_48": 433.83414,
                "118p_y_49": 585.77423,
                "118p_x_43": 401.08463,
                "118p_y_44": 559.59753,
                "118p_y_43": 563.9618,
                "118p_x_44": 432.38287
              },
              "right": {
                "118p_x_36": 286.75623,
                "118p_x_35": 257.9909,
                "118p_y_36": 562.41345,
                "118p_y_39": 584.60004,
                "118p_x_39": 284.06833,
                "118p_y_40": 580.7721,
                "118p_x_40": 257.90506,
                "118p_y_35": 558.8455
              }
            },
            "eyebrowLengthAngleLocation": {
              "location": {
                "left": {
                  "118p_x_83": 393.91162,
                  "118p_y_83": 735.12695,
                  "118p_y_42": 573.6741,
                  "118p_x_43": 401.08463,
                  "118p_y_44": 559.59753,
                  "118p_x_65": 458.65646,
                  "118p_x_42": 372.25873,
                  "118p_y_43": 563.9618,
                  "118p_y_65": 623.8737,
                  "118p_x_45": 464.0039,
                  "118p_y_46": 583.5004,
                  "118p_x_44": 432.38287,
                  "118p_y_45": 563.34045,
                  "118p_x_117": 437.95612,
                  "118p_x_46": 490.13156,
                  "118p_y_117": 624.21136
                },
                "right": {
                  "118p_x_114": 256.7992,
                  "118p_y_51": 627.9721,
                  "118p_x_51": 234.80846,
                  "118p_y_33": 587.2525,
                  "118p_y_77": 735.8943,
                  "118p_x_34": 229.57294,
                  "118p_y_35": 558.8455,
                  "118p_x_33": 208.42232,
                  "118p_y_34": 564.3853,
                  "118p_x_77": 294.46313,
                  "118p_x_36": 286.75623,
                  "118p_y_37": 571.8369,
                  "118p_x_35": 257.9909,
                  "118p_y_36": 562.41345,
                  "118p_y_114": 627.8426,
                  "118p_x_37": 313.16968
                }
              },
              "value": {
                "left": 2.2,
                "right": 1.1
              }
            },
            "eyebrowConcentration": "ab03",
            "eyebrowDistanceLocation": {
              "118p_y_37": 571.8369,
              "118p_x_37": 313.16968,
              "118p_y_42": 573.6741,
              "118p_x_42": 372.25873
            },
            "eyebrowLengthLocation": {
              "left": {
                "118p_x_46": 490.13156,
                "118p_y_42": 573.6741,
                "118p_x_42": 372.25873,
                "118p_y_46": 583.5004
              },
              "right": {
                "118p_y_37": 571.8369,
                "118p_x_37": 313.16968,
                "118p_y_33": 587.2525,
                "118p_x_33": 208.42232
              }
            }
          },
          "eyebrowDistance": {
            "eyebrowHeighLocation": {
              "left": {
                "118p_y_48": 580.8768,
                "118p_x_49": 404.8937,
                "118p_x_48": 433.83414,
                "118p_y_49": 585.77423,
                "118p_x_43": 401.08463,
                "118p_y_44": 559.59753,
                "118p_y_43": 563.9618,
                "118p_x_44": 432.38287
              },
              "right": {
                "118p_x_36": 286.75623,
                "118p_x_35": 257.9909,
                "118p_y_36": 562.41345,
                "118p_y_39": 584.60004,
                "118p_x_39": 284.06833,
                "118p_y_40": 580.7721,
                "118p_x_40": 257.90506,
                "118p_y_35": 558.8455
              }
            },
            "eyebrowLengthAngleLocation": {
              "left": {
                "118p_x_83": 393.91162,
                "118p_y_83": 735.12695,
                "118p_y_42": 573.6741,
                "118p_x_43": 401.08463,
                "118p_y_44": 559.59753,
                "118p_x_65": 458.65646,
                "118p_x_42": 372.25873,
                "118p_y_43": 563.9618,
                "118p_y_65": 623.8737,
                "118p_x_45": 464.0039,
                "118p_y_46": 583.5004,
                "118p_x_44": 432.38287,
                "118p_y_45": 563.34045,
                "118p_x_117": 437.95612,
                "118p_x_46": 490.13156,
                "118p_y_117": 624.21136
              },
              "right": {
                "118p_x_114": 256.7992,
                "118p_y_51": 627.9721,
                "118p_x_51": 234.80846,
                "118p_y_33": 587.2525,
                "118p_y_77": 735.8943,
                "118p_x_34": 229.57294,
                "118p_y_35": 558.8455,
                "118p_x_33": 208.42232,
                "118p_y_34": 564.3853,
                "118p_x_77": 294.46313,
                "118p_x_36": 286.75623,
                "118p_y_37": 571.8369,
                "118p_x_35": 257.9909,
                "118p_y_36": 562.41345,
                "118p_y_114": 627.8426,
                "118p_x_37": 313.16968
              }
            },
            "eyebrowDistance": {
              "location": {
                "118p_y_37": 571.8369,
                "118p_x_37": 313.16968,
                "118p_y_42": 573.6741,
                "118p_x_42": 372.25873
              },
              "eyebrowDistanceLength": {
                "px": 59.1,
                "cm": 2.4
              },
              "eyebrowDistanceState": "ae02"
            },
            "eyebrowShape": "아치형 눈썹의 형태",
            "eyebrowLengthLocation": {
              "left": {
                "118p_x_46": 490.13156,
                "118p_y_42": 573.6741,
                "118p_x_42": 372.25873,
                "118p_y_46": 583.5004
              },
              "right": {
                "118p_y_37": 571.8369,
                "118p_x_37": 313.16968,
                "118p_y_33": 587.2525,
                "118p_x_33": 208.42232
              }
            }
          },
          "eyebrowShape": {
            "eyebrowHeighLocation": {
              "left": {
                "118p_y_48": 580.8768,
                "118p_x_49": 404.8937,
                "118p_x_48": 433.83414,
                "118p_y_49": 585.77423,
                "118p_x_43": 401.08463,
                "118p_y_44": 559.59753,
                "118p_y_43": 563.9618,
                "118p_x_44": 432.38287
              },
              "right": {
                "118p_x_36": 286.75623,
                "118p_x_35": 257.9909,
                "118p_y_36": 562.41345,
                "118p_y_39": 584.60004,
                "118p_x_39": 284.06833,
                "118p_y_40": 580.7721,
                "118p_x_40": 257.90506,
                "118p_y_35": 558.8455
              }
            },
            "eyebrowLengthAngleLocation": {
              "left": {
                "118p_x_83": 393.91162,
                "118p_y_83": 735.12695,
                "118p_y_42": 573.6741,
                "118p_x_43": 401.08463,
                "118p_y_44": 559.59753,
                "118p_x_65": 458.65646,
                "118p_x_42": 372.25873,
                "118p_y_43": 563.9618,
                "118p_y_65": 623.8737,
                "118p_x_45": 464.0039,
                "118p_y_46": 583.5004,