{
  "code": "00",
  "message": "",
  "data": {
    "result": "나투연구소에서 펭피 님의 눈 크기, 눈 간격, 눈매를 분석했습니다.",
    "default": "펭피 님의 눈은 표준 크기이고,  눈과 눈 사이 간격은 비교적 넓은 편 이에요.  눈매는 올라간 눈매로 보입니다. ",
    "hide_detail": "예쁜 눈 폭은 얼굴 가로 폭을 10 으로 할 때 2.5 정도이고 눈과 눈 사이의 간격은 눈 폭과 비슷하면 적당하다 봅니다. 눈 크기와 눈 사이 간격도 중요하지만 전체 얼굴에서의 비율이 더 중요합니다. 몽고주름이나 피부를 덮고 있는 눈꺼풀 상태에 따라 눈 크기가 작아 보일 수 있어요. 눈 크기가 크더라도 얼굴 여백이 비교적 넓다면 눈이 상대적으로 작아 보일 수 있습니다. ",
    "lab_origin": {
      "data": {
        "details": {
          "angleOfEye": {
            "eyeDistanceCode": "ad01",
            "heightOfAnEyeLocation": {
              "left": {
                "118p_x_63": 422.73138,
                "118p_y_63": 614.3027,
                "118p_x_67": 429.61774,
                "118p_y_67": 638.1011
              },
              "right": {
                "118p_x_57": 263.89355,
                "118p_y_53": 615.38586,
                "118p_x_53": 269.93066,
                "118p_y_57": 641.5287
              }
            },
            "lengthOfTheDistanceBetweenEyesAndEyebrowLocation": {
              "left": {
                "118p_x_69": 424.02768,
                "118p_y_69": 625.524,
                "118p_x_65": 458.65646,
                "118p_y_65": 623.8737
              },
              "right": {
                "118p_y_59": 628.49695,
                "118p_x_59": 270.23254,
                "118p_y_51": 627.9721,
                "118p_x_51": 234.80846
              }
            },
            "angleOfEyes": {
              "left": 13.4,
              "right": 11.4,
              "state": 3
            },
            "eyeDistanceLocation": {
              "118p_x_61": 395.0636,
              "118p_y_61": 639.0595,
              "118p_y_55": 640.75146,
              "118p_x_55": 298.45642
            },
            "angleOfEyesLocation": {
              "left": {
                "118p_x_61": 395.0636,
                "118p_y_61": 639.0595,
                "118p_x_65": 458.65646,
                "118p_y_65": 623.8737
              },
              "right": {
                "118p_y_51": 627.9721,
                "118p_x_51": 234.80846,
                "118p_y_55": 640.75146,
                "118p_x_55": 298.45642
              }
            },
            "angleOfEyesOuterCorner": {
              "left": 62.2,
              "right": 68.3
            },
            "pupilLocation": {
              "left": {
                "118p_x_61": 395.0636,
                "118p_y_61": 639.0595,
                "118p_x_65": 458.65646,
                "118p_y_116": 626.775,
                "118p_y_65": 623.8737,
                "118p_x_116": 410.039,
                "118p_x_117": 437.95612,
                "118p_y_117": 624.21136
              },
              "right": {
                "118p_x_114": 256.7992,
                "118p_x_115": 283.73245,
                "118p_y_114": 627.8426,
                "118p_y_51": 627.9721,
                "118p_x_51": 234.80846,
                "118p_y_55": 640.75146,
                "118p_y_115": 629.07935,
                "118p_x_55": 298.45642
              }
            },
            "eyeDistance": {
              "px": 96.6,
              "cm": 3.9
            },
            "widthOfAnEyeLocation": {
              "left": {
                "171p_y_10": 638.86847,
                "171p_x_15": 463.16544,
                "171p_y_15": 621.0459,
                "171p_x_10": 389.85165
              },
              "right": {
                "171p_y_5": 641.80786,
                "171p_x_5": 299.97586,
                "171p_y_0": 625.028,
                "171p_x_0": 226.57811
              }
            },
            "angleOfEyesInnerCornerLocation": {
              "left": {
                "118p_x_68": 412.08014,
                "118p_x_61": 395.0636,
                "118p_y_62": 623.0623,
                "118p_y_61": 639.0595,
                "118p_x_62": 405.21436,
                "118p_y_68": 639.1782
              },
              "right": {
                "118p_x_54": 287.89066,
                "118p_y_55": 640.75146,
                "118p_y_54": 624.3318,
                "118p_x_56": 281.52133,
                "118p_x_55": 298.45642,
                "118p_y_56": 641.9857
              }
            },
            "angleOfEyesInnerCorner": {
              "left": 58,
              "right": 61.4
            },
            "angleOfEyesOuterCornerLocation": {
              "left": {
                "118p_y_64": 614.871,
                "118p_x_65": 458.65646,
                "118p_y_66": 632.4881,
                "118p_x_64": 442.35666,
                "118p_y_65": 623.8737,
                "118p_x_66": 445.55273
              },
              "right": {
                "118p_x_58": 247.89217,
                "118p_y_58": 636.37054,
                "118p_y_51": 627.9721,
                "118p_x_52": 250.11185,
                "118p_x_51": 234.80846,
                "118p_y_52": 617.02277
              }
            }
          },
          "eyeSize": {
            "eyeShape": "ba01",
            "heightOfAnEyeLocation": {
              "left": {
                "118p_x_63": 422.73138,
                "118p_y_63": 614.3027,
                "118p_x_67": 429.61774,
                "118p_y_67": 638.1011
              },
              "right": {
                "118p_x_57": 263.89355,
                "118p_y_53": 615.38586,
                "118p_x_53": 269.93066,
                "118p_y_57": 641.5287
              }
            },
            "lengthOfTheDistanceBetweenEyesAndEyebrowLocation": {
              "left": {
                "118p_x_69": 424.02768,
                "118p_y_69": 625.524,
                "118p_x_65": 458.65646,
                "118p_y_65": 623.8737
              },
              "right": {
                "118p_y_59": 628.49695,
                "118p_x_59": 270.23254,
                "118p_y_51": 627.9721,
                "118p_x_51": 234.80846
              }
            },
            "pupilLocation": {
              "left": {
                "118p_x_61": 395.0636,
                "118p_y_61": 639.0595,
                "118p_x_65": 458.65646,
                "118p_y_116": 626.775,
                "118p_y_65": 623.8737,
                "118p_x_116": 410.039,
                "118p_x_117": 437.95612,
                "118p_y_117": 624.21136
              },
              "right": {
                "118p_x_114": 256.7992,
                "118p_x_115": 283.73245,
                "118p_y_114": 627.8426,
                "118p_y_51": 627.9721,
                "118p_x_51": 234.80846,
                "118p_y_55": 640.75146,
                "118p_y_115": 629.07935,
                "118p_x_55": 298.45642
              }
            },
            "widthOfAnEyeLocation": {
              "left": {
                "171p_y_10": 638.86847,
                "171p_x_15": 463.16544,
                "171p_y_15": 621.0459,
                "171p_x_10": 389.85165
              },
              "right": {
                "171p_y_5": 641.80786,
                "171p_x_5": 299.97586,
                "171p_y_0": 625.028,
                "171p_x_0": 226.57811
              }
            },
            "eyeDistanceLocation": {
              "118p_x_61": 395.0636,
              "118p_y_61": 639.0595,
              "118p_y_55": 640.75146,
              "118p_x_55": 298.45642
            }
          },
          "eyeDistance": {
            "eyeDistanceCode": "ad01",
            "heightOfAnEyeLocation": {
              "left": {
                "118p_x_63": 422.73138,
                "118p_y_63": 614.3027,
                "118p_x_67": 429.61774,
                "118p_y_67": 638.1011
              },
              "right": {
                "118p_x_57": 263.89355,
                "118p_y_53": 615.38586,
                "118p_x_53": 269.93066,
                "118p_y_57": 641.5287
              }
            },