{
  "code": "00",
  "message": "",
  "data": {
    "default": "나투 인공지능 연구소에서 펭피님의 얼굴을 분석해보았어요.\n눈은 적당한 눈크기에 속합니다. 코는 긴편 이고, 너비가 적당한 편으로 보이네요. 입술의 두께는 얇은 편입니다. 앞턱 모양은 갸름해 보여요. 광대 쪽은 아래 사각 턱의 너비와 비교했을 때 평평해 보입니다.\n펭피 님 부위별 분석 내용을 확인해보세요!\n",
    "lab_origin": {
      "data": {
        "motion": {
          "upperAndLowerFaceRatio": {
            "location": {
              "171p_x_40": 339.10907,
              "171p_y_40": 583.33545,
              "171p_y_98": 897.436,
              "171p_x_80": 341.95615,
              "171p_y_80": 434.65988,
              "171p_y_49": 753.19574,
              "171p_x_49": 342.77368,
              "171p_x_98": 347.87134
            },
            "ratio": "1.0:1.1:1.0"
          },
          "faceAsymmetry": {
            "area": {
              "left": {
                "px": 17650.4,
                "cm": 704
              },
              "location": {
                "left": {
                  "118p_y_20": 866.54236,
                  "118p_x_21": 453.4728,
                  "118p_y_22": 837.42505,
                  "118p_x_20": 434.56488,
                  "118p_y_21": 852.91656,
                  "118p_x_23": 485.73724,
                  "118p_y_24": 799.61847,
                  "118p_x_22": 470.88425,
                  "118p_y_23": 819.68256,
                  "118p_x_25": 506.13568,
                  "118p_y_26": 754.4828,
                  "118p_x_24": 497.63577,
                  "118p_y_25": 777.48694,
                  "118p_y_17": 895.7214,
                  "118p_x_26": 511.81256,
                  "118p_x_18": 394.0314,
                  "118p_y_19": 879.0177,
                  "118p_x_17": 371.5816,
                  "118p_y_18": 889.3616,
                  "118p_x_19": 414.76147
                },
                "right": {
                  "118p_y_80": 753.19574,
                  "118p_x_80": 342.77368,
                  "118p_x_10": 231.7414,
                  "118p_y_11": 847.27594,
                  "118p_y_10": 831.9979,
                  "118p_x_12": 266.3335,
                  "118p_y_13": 874.4232,
                  "118p_x_11": 248.51408,
                  "118p_y_12": 861.1532,
                  "118p_x_14": 303.54663,
                  "118p_y_15": 894.2833,
                  "118p_x_13": 284.60895,
                  "118p_y_14": 886.2882,
                  "118p_x_16": 347.87134,
                  "118p_x_15": 324.61566,
                  "118p_y_16": 897.436,
                  "118p_y_6": 752.091,
                  "118p_x_7": 196.42505,
                  "118p_x_6": 190.56717,
                  "118p_y_8": 795.54333,
                  "118p_x_9": 216.94368,
                  "118p_y_7": 774.2612,
                  "118p_x_8": 205.054,
                  "118p_y_9": 814.80676
                }
              },
              "right": {
                "px": 15663.8,
                "cm": 624.8
              },
              "ratio": {
                "px": "15663.8:17650.4",
                "cm": "624.8:704.0"
              }
            },
            "lipAngle": {
              "bendAngle": {
                "left": -0.8,
                "right": 0.8
              },
              "angle": {
                "left": 90.8,
                "right": 89.2
              },
              "location": {
                "118p_x_16": 347.87134,
                "118p_x_102": 398.7057,
                "118p_y_102": 800.7415,
                "118p_y_16": 897.436,
                "118p_y_80": 753.19574,
                "118p_x_80": 342.77368,
                "118p_x_98": 295.16568,
                "118p_y_98": 803.0505
              }
            },
            "eyeAngle": {
              "bendAngle": {
                "left": 1.6,
                "right": -1.6
              },
              "angle": {
                "left": 91.6,
                "right": 88.4
              },
              "location": {
                "118p_y_80": 753.19574,
                "118p_y_71": 620.8191,
                "118p_x_80": 342.77368,
                "118p_y_51": 627.9721,
                "118p_x_71": 344.09576,
                "118p_x_51": 234.80846,
                "118p_x_65": 458.65646,
                "118p_y_65": 623.8737
              }
            }
          },
          "viva": {
            "vi": 74,
            "location": {
              "171p_y_114": 680.19763,
              "171p_x_97": 303.54663,
              "171p_y_97": 886.2882,
              "171p_y_103": 788.55273,
              "171p_y_134": 673.0856,
              "171p_x_93": 200.73953,
              "171p_y_93": 784.90234,
              "171p_x_134": 465.35263,
              "171p_x_114": 230.61418,
              "171p_x_103": 501.8857,
              "171p_x_99": 394.0314,
              "171p_y_99": 889.3616
            },
            "va": 20.5
          },
          "lowerAndLipRatio": {
            "bottom": {
              "location": {
                "171p_x_62": 344.81036,
                "171p_y_62": 806.29004,
                "171p_y_98": 897.436,
                "171p_x_163": 346.9511,
                "171p_y_49": 753.19574,
                "171p_x_69": 344.64383,
                "171p_y_163": 852.8124,
                "171p_x_49": 342.77368,
                "171p_x_98": 347.87134,
                "171p_y_69": 806.2471
              },
              "ratio": "1.0:0.9:0.8"
            }
          },
          "fiveEqualPartsRatio": {
            "location": {
              "171p_y_5": 641.80786,
              "171p_x_84": 179.06891,
              "171p_y_84": 638.4832,
              "171p_x_5": 299.97586,
              "171p_y_10": 638.86847,
              "171p_y_0": 625.028,
              "171p_x_15": 463.16544,
              "171p_y_15": 621.0459,
              "171p_x_0": 226.57811,
              "171p_x_10": 389.85165,
              "171p_x_88": 523.1417,
              "171p_y_88": 638.1291
            },
            "otimalRatio": "0.65:1.0:1.0:1.0:0.65",
            "ratio": "0.6:1.0:1.2:1.0:0.8"
          },
          "beautyScore": 73,
          "age": 23,
          "faceShape": "ga07",
          "goldenTriangleRatioDegree": {
            "angle": {
              "A": 55.2,
              "B": 53.5,
              "C": 71.3
            },
            "location": {
              "A": {
                "171p_y_0": 625.028,
                "171p_x_0": 226.57811
              },
              "B": {
                "171p_y_54": 787.9566,
                "171p_x_54": 344.02713
              },
              "C": {
                "171p_x_15": 463.16544,
                "171p_y_15": 621.0459
              }
            }
          },
          "faceShape_name": "둥근형"
        },
        "details": {
          "allScore": {
            "faceAllScore": 89,
            "cheekShape": "ea02",
            "widthOfNoseStatus": 0,
            "jawShape": "fa01",
            "ptosisStatus": 3,
            "noseShapeValue": "ca02",
            "eyeShape": "ba01",
            "noselengthState": 2,
            "mouthThicknessValue": "da04",
            "allScoreEyebagYesValue": 3,
            "noselengthStateLocation": {
              "171p_x_40": 339.10907,
              "171p_y_40": 583.33545,
              "171p_y_49": 753.19574,
              "171p_x_49": 342.77368
            },
            "ptosisStatusLocation": {
              "left": {
                "118p_x_69": 344.64383,
                "118p_y_69": 806.2471,
                "118p_x_63": 361.1129,
                "118p_y_63": 804.4654,
                "118p_x_67": 310.55624,
                "118p_y_67": 805.0054
              },
              "right": {
                "118p_y_59": 804.0325,
                "118p_x_57": 389.10107,
                "118p_x_59": 303.16327,
                "118p_y_53": 784.8025,
                "118p_x_53": 328.55325,
                "118p_y_57": 794.1638
              }
            },