{
  "code": "00",
  "message": "",
  "data": {
    "result": "나투연구소에서 펭피 님의 입술 비율과 모양, 인중을 분석했습니다.",
    "default": "펭피 님 입술 두께는 얇은편 이고, 입꼬리 모양은 직선형 입니다. 입술산 즉, 입술 봉우리가 선명한 편 이고, 인중 길이는 표준 입니다.",
    "hide_detail": "이상적인 입술 비율은 윗입술이 1 이라면 아랫입술은 1.6 정도이고 대략 윗입술 두께 6-8 mm, 아랫입술 두께 10-12mm 이면 예쁜 입술로 봅니다. 입술은 전체적으로 도톰한 두께를 유지하면서 윗입술의 모양이 큐피드의 활처럼 뚜렷하면 좋고 입꼬리가 살짝 올라간 형태가 좋아 보여요. 보통 입술 가로 폭은 코 폭보다 길고 양쪽 눈 폭보다는 좁아야 적당하고 인중의 적정 비율은 앞턱 길이가 2 이면  인중은 1 정도가 적당합니다. ",
    "lab_origin": {
      "data": {
        "details": {
          "philtrum": {
            "lengthOfPhiltrumLocation": {
              "118p_x_90": 359.78937,
              "118p_y_80": 753.19574,
              "118p_y_90": 783.9594,
              "118p_x_80": 342.77368,
              "118p_y_88": 784.8025,
              "118p_x_88": 328.55325
            },
            "upperLibLocation": {
              "118p_y_100": 806.29004,
              "118p_x_90": 359.78937,
              "118p_y_90": 783.9594,
              "118p_x_100": 344.81036,
              "118p_y_88": 784.8025,
              "118p_x_89": 344.02713,
              "118p_x_88": 328.55325,
              "118p_y_89": 787.9566
            },
            "lipRatiolocation": {
              "118p_y_100": 806.29004,
              "118p_x_104": 344.81036,
              "118p_x_90": 359.78937,
              "118p_y_90": 783.9594,
              "118p_x_100": 344.81036,
              "118p_y_95": 829.98016,
              "118p_x_95": 345.45856,
              "118p_y_88": 784.8025,
              "118p_y_104": 806.29004,
              "118p_x_88": 328.55325
            },
            "lowerLibLocation": {
              "118p_x_104": 344.64383,
              "118p_y_95": 829.98016,
              "118p_x_95": 345.45856,
              "118p_y_104": 806.2471
            },
            "lipTipShapeLocation": {
              "118p_x_103": 381.72903,
              "118p_x_104": 344.64383,
              "118p_x_101": 381.1888,
              "118p_x_102": 398.7057,
              "118p_x_100": 344.81036,
              "118p_y_92": 799.3049,
              "118p_x_109": 363.24432,
              "118p_y_99": 805.0144,
              "118p_x_107": 361.1129,
              "118p_x_86": 287.91837,
              "118p_y_98": 803.0505,
              "118p_x_108": 327.40753,
              "118p_x_105": 310.55624,
              "118p_x_106": 328.9411,
              "118p_y_101": 803.12146,
              "118p_y_100": 806.29004,
              "118p_y_103": 803.051,
              "118p_y_102": 800.7415,
              "118p_y_109": 804.33057,
              "118p_y_108": 805.6952,
              "118p_y_105": 805.0054,
              "118p_y_104": 806.2471,
              "118p_y_107": 804.4654,
              "118p_y_106": 805.36615,
              "118p_x_92": 406.06512,
              "118p_y_86": 801.78796,
              "118p_x_98": 295.16568,
              "118p_x_99": 311.16083
            },
            "philtrumStatus": 1,
            "philtrums": {
              "px": 30.8,
              "cm": 1.2
            },
            "philtrumJawRatio": {
              "jaw": {
                "px": 1.8,
                "cm": 1648.19
              },
              "philtrumJawRatioStatus": 1,
              "philtrumJawRatios": {
                "ratio": "1.0 : 0.9"
              },
              "philtrums": {
                "px": 1.2,
                "cm": -3296.38
              }
            },
            "philtrumJawRatioLocation": {
              "118p_x_16": 347.87134,
              "118p_y_16": 897.436,
              "118p_x_90": 359.78937,
              "118p_y_80": 753.19574,
              "118p_y_90": 783.9594,
              "118p_x_80": 342.77368,
              "118p_y_95": 829.98016,
              "118p_x_95": 345.45856,
              "118p_y_88": 784.8025,
              "118p_x_89": 344.02713,
              "118p_x_88": 328.55325,
              "118p_y_89": 787.9566
            }
          },
          "lipAngle": 154.2,
          "lipThickness": {
            "lipRatio": {
              "ratio": "1:1"
            },
            "lengthOfPhiltrumLocation": {
              "118p_x_90": 359.78937,
              "118p_y_80": 753.19574,
              "118p_y_90": 783.9594,
              "118p_x_80": 342.77368,
              "118p_y_88": 784.8025,
              "118p_x_88": 328.55325
            },
            "upperLibLocation": {
              "118p_y_100": 806.29004,
              "118p_x_90": 359.78937,
              "118p_y_90": 783.9594,
              "118p_x_100": 344.81036,
              "118p_y_88": 784.8025,
              "118p_x_89": 344.02713,
              "118p_x_88": 328.55325,
              "118p_y_89": 787.9566
            },
            "lipRatiolocation": {
              "118p_y_100": 806.29004,
              "118p_x_104": 344.81036,
              "118p_x_90": 359.78937,
              "118p_y_90": 783.9594,
              "118p_x_100": 344.81036,
              "118p_y_95": 829.98016,
              "118p_x_95": 345.45856,
              "118p_y_88": 784.8025,
              "118p_y_104": 806.29004,
              "118p_x_88": 328.55325
            },
            "mouthThicknessValue": "da04",
            "lowerLibLocation": {
              "118p_x_104": 344.64383,
              "118p_y_95": 829.98016,
              "118p_x_95": 345.45856,
              "118p_y_104": 806.2471
            },
            "lipTipShapeLocation": {
              "118p_x_103": 381.72903,
              "118p_x_104": 344.64383,
              "118p_x_101": 381.1888,
              "118p_x_102": 398.7057,
              "118p_x_100": 344.81036,
              "118p_y_92": 799.3049,
              "118p_x_109": 363.24432,
              "118p_y_99": 805.0144,
              "118p_x_107": 361.1129,
              "118p_x_86": 287.91837,
              "118p_y_98": 803.0505,
              "118p_x_108": 327.40753,
              "118p_x_105": 310.55624,
              "118p_x_106": 328.9411,
              "118p_y_101": 803.12146,
              "118p_y_100": 806.29004,
              "118p_y_103": 803.051,
              "118p_y_102": 800.7415,
              "118p_y_109": 804.33057,
              "118p_y_108": 805.6952,
              "118p_y_105": 805.0054,
              "118p_y_104": 806.2471,
              "118p_y_107": 804.4654,
              "118p_y_106": 805.36615,
              "118p_x_92": 406.06512,
              "118p_y_86": 801.78796,
              "118p_x_98": 295.16568,
              "118p_x_99": 311.16083
            },
            "lipsRatioStatus": 0
          },
          "lipWidthAndConner": {
            "lipWidthLocation": {
              "118p_x_92": 406.06512,
              "118p_y_92": 799.3049,
              "118p_y_86": 801.78796,
              "118p_x_86": 287.91837
            },
            "lipWidth": {
              "px": 118.1,
              "cm": 4.7
            },
            "lengthOfPhiltrumLocation": {
              "118p_x_90": 359.78937,
              "118p_y_80": 753.19574,
              "118p_y_90": 783.9594,
              "118p_x_80": 342.77368,
              "118p_y_88": 784.8025,
              "118p_x_88": 328.55325
            },
            "upperLibLocation": {
              "118p_y_100": 806.29004,
              "118p_x_90": 359.78937,
              "118p_y_90": 783.9594,
              "118p_x_100": 344.81036,
              "118p_y_88": 784.8025,
              "118p_x_89": 344.02713,
              "118p_x_88": 328.55325,
              "118p_y_89": 787.9566
            },
            "lowerLibLocation": {
              "118p_x_104": 344.64383,
              "118p_y_95": 829.98016,
              "118p_x_95": 345.45856,
              "118p_y_104": 806.2471
            },
            "lipTipShapeState": 2,
            "lipTipShapeLocation": {
              "118p_x_103": 381.72903,
              "118p_x_104": 344.64383,
              "118p_x_101": 381.1888,
              "118p_x_102": 398.7057,
              "118p_x_100": 344.81036,